{
  "dungeons": {
    "buffs": {
      "1": 62.5,
      "2": 125,
      "3": 225,
      "4": 387.5,
      "5": 500,
      "6": 700,
      "7": 1500
    },
    "cata_xp_table": [
      0,
      50,
      125,
      235,
      395,
      625,
      955,
      1425,
      2095,
      3045,
      4385,
      6275,
      8940,
      12700,
      17960,
      25340,
      35640,
      50040,
      70040,
      97640,
      135640,
      188140,
      259640,
      356640,
      488640,
      668640,
      911640,
      1239640,
      1684640,
      2284640,
      3084640,
      4149640,
      5559640,
      7459640,
      9959640,
      13259640,
      17559640,
      23159640,
      30359640,
      39559640,
      51559640,
      66559640,
      85559640,
      109559640,
      139559640,
      177559640,
      225559640,
      285559640,
      360559640,
      453559640,
      569809640,
      999999999999999999999999999999999999999999999999999999
    ],
    "multipliers": [
      0.0827,
      2.1034,
      4.5966,
      7.9383,
      13.4018,
      23.1071,
      43.7857,
      63.3437,
      29.048912,
      38.548938,
      51.624065,
      67.004612,
      75.234512,
      99.20524,
      295.090592
    ],
    "lvl50": 569809640,
    "completion_overall": 2,
    "level_overall": 1.2733079672009227
  },
  "skills": {
    "overall": 1.8162162162162163,
    "lvl60": 111672425,
    "factors": [
      0.8970917856434051,
      0.9038421238097485,
      0.88836322872987277,
      0.929383683888072,
      0.9329795030275141,
      0.9348318885884501,
      0.9368106217543707,
      0.9401081007640278
    ],
    "overflow_multipliers": [
      6.3207,
      9.2003,
      4.1641,
      77.2840,
      123.5962,
      163.0884,
      227.5907,
      504.2361
    ]
  },
  "slayers": {
    "depreciation_scaling": [0.75030106128, 0.7732512436, 0.80852054920, 0.8374104242, 0.87],
    "overall": 2
  }
}
