{
  "dungeon_groups": {
    "catacombs": 0.00018101933598375618,
    "healer": 0.0000045254834,
    "mage": 0.0000045254834,
    "berserk": 0.0000045254834,
    "archer": 0.0000045254834,
    "tank": 0.0000045254834
  },
  "skill_groups": {
    "alchemy": {
      "exponent": 0.9537087346626381,
      "divider": 1103448,
      "maxLevel": 50
    },
    "combat": {
      "exponent": 1.1294754560828135,
      "divider": 275862,
      "maxLevel": 60
    },
    "enchanting": {
      "exponent": 0.9063814999999,
      "divider": 2928645,
      "maxLevel": 60
    },
    "farming": {
      "exponent": 1.2029487713415623,
      "divider": 220689,
      "maxLevel": 60
    },
    "fishing": {
      "exponent": 1.406418,
      "divider": 88274,
      "maxLevel": 50
    },
    "foraging": {
      "exponent": 1.3705117131325855,
      "divider": 259634,
      "maxLevel": 50
    },
    "mining": {
      "exponent": 1.1579768726405657,
      "divider": 259634,
      "maxLevel": 60
    },
    "taming": {
      "exponent": 1.0900484437751596,
      "divider": 441379,
      "maxLevel": 50
    }
  },
  "slayer_groups": {
    "zombie": {
      "divider": 5000,
      "modifier": 0.15
    },
    "spider": {
      "divider": 6666.666666666667,
      "modifier": 0.08
    },
    "wolf": {
      "divider": 2000,
      "modifier": 0.2
    },
    "enderman": {
      "divider": 1176.4705882352941,
      "modifier": 0.4
    },
    "blaze": {
      "divider": 909.0909090909091,
      "modifier": 0.4
    },
    "vampire": {
      "divider": 24,
      "modifier": 0.4
    }
  }
}
