{
  "skill_groups": {
    "mining": {
        "exponent": 1.18207448,
        "divider": 259634,
        "maxLevel": 60
    },
    "foraging": {
        "exponent": 1.232826,
        "divider": 259634,
        "maxLevel": 50
    },
    "enchanting": {
        "exponent": 0.96976583,
        "divider": 882758,
        "maxLevel": 60
    },
    "farming": {
        "exponent": 1.217848139,
        "divider": 220689,
        "maxLevel": 60
    },
    "combat": {
        "exponent": 1.15797687265,
        "divider": 275862,
        "maxLevel": 60
    },
    "fishing": {
        "exponent": 1.406418,
        "divider": 88274,
        "maxLevel": 50
    },
    "alchemy": {
        "exponent": 1.0,
        "divider": 1103448,
        "maxLevel": 50
    },
    "taming": {
        "exponent": 1.14744,
        "divider": 441379,
        "maxLevel": 50
    }
},
  "slayer_groups": {
      "zombie": {
          "divider": 2208,
          "modifier": 0.15
      },
      "spider": {
          "divider": 2118,
          "modifier": 0.08
      },
      "wolf": {
          "divider": 1962,
          "modifier": 0.015
      },
      "enderman": {
          "divider": 1430,
          "modifier": 0.017
      }
  },
  "dungeon_groups": {
      "catacombs": 0.0002149604615,
      "healer": 0.0000045254834,
      "mage": 0.0000045254834,
      "berserk": 0.0000045254834,
      "archer": 0.0000045254834,
      "tank": 0.0000045254834
  }
}
